Name,Member Number,Class,5%,35%,Mean,65%,95%,Actual Percent
Max Michel,L5373,GM,96.95285953280556,98.18562722523667,99.34883738990108,100.65116261009892,101.88393030253005
Nils Jonasson,L3837,GM,94.80956001245546,96.64181880397872,98.52147760506915,100.30633638702523,102.13859517854851
Mason Lane,L4341,GM,94.64446332476099,96.25523431591488,97.88382634445692,99.47677629822266,101.08754728937652
Christian Sailer,L4698,U,93.79630639558683,96.05055291739077,97.38504070971014,100.55904596099865,102.8132924828026
Jacob Hetherington,A69498,GM,93.48419053535541,95.39369573092432,97.1634274251428,99.21270612206212,101.122211317631
Simon joseph Echavez racaza,L3137,GM,93.01534356842566,95.04846666272903,97.3273435978232,99.11471285133577,101.14783594563912
John Vlieger,TY79695,GM,92.78103690069275,94.46478689660402,96.1259277969766,97.83228688842655,99.51603688433784
Jay Beal,L4721,GM,92.28738868498412,94.13032559422567,95.85691894262038,97.81619941270874,99.65913632195026
Tom Castro,TY106150,GM,91.122911779962,93.0570029444758,94.84472917920843,96.92518527350343,98.85927643801726
Matthew Hemple,A111073,GM,90.04259868831184,92.068339287015,93.9841048403755,96.1198204844213,98.14556108312446
Dazhi Zhang,TY93241,GM,89.82856982656256,92.4340547072507,94.92516450960517,97.64502446862701,100.25050934931517
Luke Cao,L4988,GM,89.60451336365354,91.82409427593856,93.86654724840294,96.26325610050863,98.48283701279364
Joon (사랑해) Kim,TY104547,GM,89.51146699313396,91.70782616821968,93.64881481814817,96.10054451839112,98.29690369347684
Bryan Jones,L2483,U,89.15797889502069,92.22480738842566,93.91156305979841,98.35846437523563,101.42529286864061
Trace Decker,A110330,GM,89.15523105648089,91.53958924135894,93.96405688347983,96.30830561111503,98.69266379599308
Jeremy Story,A63002,GM,89.02550209214552,91.25037673562045,93.33907871310916,95.70012602257032,97.92500066604526
Brantley Merriam,A124472,GM,88.88191352151925,91.70172629796615,94.29518905935201,97.34135185085994,100.16116462730685
Scott Rader,A83744,GM,88.32294963627545,90.60938120480124,92.75270248756998,95.18224434185281,97.4686759103786
Hwansik Kim,A86278,GM,87.95534145858862,90.60212868314414,93.2209605466771,95.89570313225519,98.5424903568107
Tyler Meisenheimer,A100099,GM,87.93681479081141,91.0370101733993,93.10117074468931,97.23740093857508,100.33759632116298
Hunter Constantine,A114729,GM,87.56498264376964,89.91966515871258,92.06094289975006,94.62903018859845,96.98371270354139
Isaac Lockwood,A106174,GM,87.51173035024618,89.90591613174618,92.18006327542783,94.69428769474618,97.08847347624618
Jared Clanton,A130247,GM,87.48817029973237,90.24029758762093,93.22094422032745,95.74455216339807,98.49667945128665
Randall Towles,L5116,GM,87.36370408272283,89.54791931970787,91.75210767859372,93.91634979367795,96.100565030663
Phil Strader,RD5,GM,86.7114247534847,89.26172995467472,91.80973193597175,94.36234035705475,96.91264555824475
Sean Griffith,A109664,GM,86.68336901513698,89.67243045185373,92.9421138415734,95.6505533252872,98.63961476200394
Jedidiah Morgan,A139407,M,86.67171253385368,89.36056629684002,91.30027753525849,94.73827382281269,97.42712758579903
Nick Walden,A104588,GM,86.16312447991454,88.7590309822652,91.23947107815881,93.95084398696648,96.54675048931713
Ryan Flowers,B87,GM,85.540688885565,88.19543602478316,89.69914774362124,93.50493030321951,96.1596774424377
Joshua (carde b) Cardenas,A134400,GM,85.53813731881552,88.44096110800533,91.25933838823356,94.24660868638495,97.14943247557476
Garran Singleton,A95225,GM,85.47293738220397,88.71523494431726,92.06665940896065,95.19983006854386,98.44212763065715
Brian Giovannini,A81371,M,85.14551573830032,88.33340037974101,90.29013265408555,94.70916966262237,97.89705430406308
Lee Weinstein,A111995,GM,84.05713963786616,87.43075165163012,90.58150827137766,94.177975679158,97.55158769292194
Tanner Wright,TY136419,M,84.02031211944569,87.27198789167923,89.93934364644518,93.77533943614633,97.02701520837986
Jonathan Tran,A122842,M,83.58729808527168,86.56139817880025,88.90308385383895,92.50959836585737,95.48369845938593
Scott Brown,TY107190,U,83.5240754506211,87.18029876917343,89.19122159437723,94.4927454062781,98.14896872483044
Jack Brown,FY110979,A,83.3162212574237,86.9576676596618,88.96046318089275,94.24056046413799,97.88200686637609
Shannon Smith,L3936,GM,83.24846644577323,86.68128762076375,90.121818638216,93.54692997074478,96.9797511457353
Bo Gibbons,TY86409,M,83.16667234838133,86.291019628208,88.95804718622398,92.53971418786135,95.66406146768801
Justine Williams,A84390,M,82.99941377643725,86.46546354954539,89.31115049541506,93.39756309576171,96.86361286886986
Andy Walker,TY94240,M,82.59374584714966,86.04174792813085,88.91112548690465,92.93775209009321,96.38575417107438
Lane Gries,A98625,GM,82.56399622702746,85.91420014012414,89.94934916531872,92.61460796631748,95.96481187941414
Kevin Leonhardt,TY80296,M,82.55641823371465,85.23289245702568,87.874221544177,90.58584090364775,93.26231512695878
Jake Walker,A119469,M,82.52852584720233,86.13016502885154,89.04917680801141,93.33344339214995,96.93508257379915
Sean Kellejian,A111377,GM,82.28362403018407,85.62986901757642,88.88915213885691,92.32235899236113,95.6686039797535
Michael Seeklander,TY30288,U,82.27813111851033,86.16495964223918,88.30271533029006,93.93861668969687,97.82544521342572
Ben Czyzewski,A122115,GM,81.98951009091249,85.4215928075859,88.90367272892085,92.28575824093271,95.71784095760611
Stephen Lutman,A78694,GM,81.46106273058821,84.93096329393543,88.76491621679257,91.87076442062987,95.3406649839771
Tim Dunderi,A116283,GM,81.43875579083858,85.05022598513034,88.86047760988039,92.27316637371388,95.88463656800565
Greg Jordan,TY60069,U,81.09468945030365,85.2793190577314,87.58086534181666,93.64857827258687,97.83320788001463
Clark Cagle,A70601,M,81.01931003570691,83.9513135967788,86.3629353864061,89.81532071892255,92.74732427999444
Keanu Sy,TY103667,GM,81.01224505808915,84.09869468082624,87.19913404702405,90.27159392630043,93.35804354903755
Ryan Mcmaken,A123174,M,80.75784287906174,84.47451535734156,87.49914173906997,91.90786031390117,95.62453279218097
Kevin Izatt,A84955,M,80.59525280748583,84.13277913440551,87.34282674201772,91.20783178824485,94.7453581151645
Henning Wallgren,A25335,M,80.44621026982517,83.99906049801149,87.48200551501499,91.10476095438416,94.6576111825705
Cameron Templin,A115726,GM,79.78586253025999,83.5736030391147,86.25320798836988,91.1490840568241,94.9368245656788
Jim Steele,A134163,A,79.73861153063947,83.38542785388888,86.1937880241922,90.67906050038768,94.32587682363707
John Treat,A128047,M,79.7180842023981,83.62149897975675,86.89299866456454,91.428328534474,95.33174331183264
Ben Brown,A95163,M,79.42578127354207,83.33693677120696,86.73665755919305,91.15924776653674,95.07040326420162
Patrick Posadas,A130592,M,79.31039199086399,83.11499309956044,86.54500968843305,90.72419531695328,94.5287964256497
Carson Herding,A128043,M,79.28109542880655,82.58818058352713,85.75726348922494,89.2023508929683,92.50943604768888
Keith Tyler,L2525,GM,79.19561980359585,82.24395749523381,85.30336507313132,88.34063287850978,91.38897057014775
Michael Norman,A132639,M,79.16453431581085,82.95621801227698,86.77779150023585,90.5395854052092,94.33126910167529
Ben Egelston,A138379,M,79.06787413373256,83.5880879613198,86.07420556649281,92.62851561649431,97.14872944408155
Joshua Shaw,A91022,GM,79.06708840027864,82.77870464053447,86.32838592131958,90.20193712104614,93.91355336130196
Magnus Krohn,TY132693,M,79.01204297389995,82.69273252600652,86.12634267797176,90.05411163021967,93.73480118232624
Eric Steiner,TY81469,GM,78.77621760312319,82.67017490293593,85.18387052604129,90.45808950256136,94.3520468023741
Frank Xu,L5040,M,78.65931457154858,82.50549269007915,85.4479705384437,90.1978489271403,94.04402704567087
Zachary Mclaughlin,TY112345,GM,78.59984594579088,82.33426321023107,85.51437657568303,89.80309773911146,93.53751500355165
Morgan Leonhardt,TY102754,M,78.4055969406288,81.83110360204391,85.15112152556883,88.68211692487414,92.10762358628925
Roman Vrublevskiy,L5432,A,78.37583856943722,82.10598978430585,85.23065291017491,89.56629221404313,93.29644342891176
Matthew Nash,L5009,M,78.19763584323914,82.13112917426224,85.24594639122505,89.99811583630847,93.93160916733156
Shane Coley,L5387,GM,77.83238867499323,82.24738478799875,84.6756326501518,91.07737701400981,95.49237312701534
Rodney Hawkins,TY130714,M,77.82387045087606,81.96053732014833,84.57144595311192,90.23387105869286,94.37053792796512
Jon Bautista,A88221,GM,77.78428565086666,81.91791330840873,86.12908256943452,90.1851686234929,94.31879628103499
Trey Ward,A130809,M,77.59205026659025,81.72901068414812,84.1952540693056,90.00293151926384,94.13989193682171
Bo Oeltjen,A107036,M,77.48461475477457,81.28202626521383,85.5329272623272,88.8768492860924,92.67426079653166
Marlo ralph Migrino,A132627,A,77.35707069097796,81.26753268977185,83.89219309002827,89.08845668735967,92.99891868615356
Jesse Newton,TY89958,GM,77.2242901452691,80.96736911203082,84.49371582096681,88.45352704555425,92.19660601231598
Casey Ryan,FY82686,GM,77.18844832810953,81.43367823671753,85.42833902822528,89.92413805393352,94.1693679625415
David Miller,TY81670,M,77.14984561981348,80.98836734812721,85.3352339069515,88.6654108047547,92.50393253306844
David Murphy,A98899,M,77.03780681470884,81.02527121603528,84.98929400316143,89.00020001868816,92.98766442001458
Alexandru Davidovici,A120293,M,77.00341655639828,81.02227907094178,84.49992715751688,89.06000410002875,93.07886661457225
Riley Bowman,L5336,M,76.93881128135025,81.08487071109998,85.05838833441703,89.37698957059942,93.52304900034913
Joel Fisher,A115917,M,76.89440381845158,80.86294190887172,85.0552362371502,88.80001808971201,92.76855618013215
John Martello,FY134078,GM,76.7641191287669,80.6720429167886,84.47346858988584,88.48789049283202,92.39581428085373
James Ramos,TY65542,A,76.76088465822563,80.98277560844949,83.30481563107259,89.42655750889719,93.64844845912104
Joshua Espinosa,TY133889,A,76.57508791717034,80.54761559686433,83.70590387185082,88.49267095625234,92.46519863594634
Wesley Cronin,L5096,M,76.53968072402027,80.63025741386146,84.87136677750009,88.81141079354384,92.90198748338503
Billy Barton,A113228,GM,76.52310594574607,80.78105784769359,85.47822857956375,89.29696165158862,93.55491355353614
Deshaun “DJ” Jenkins,A133084,M,76.31644303358152,80.31923172086437,83.69238673002239,88.32480909543008,92.32759778271293
Payton Garcia,A136092,M,76.28265369608158,80.24512541607116,83.50686630815318,88.17006885605035,92.13254057603993
Caleb Higby,A80603,M,75.95250598479853,80.11084989497594,82.64686717157682,88.42753771533076,92.58588162550818
Saul Allen,TY104860,GM,75.77893693758978,79.97871891350161,84.16214582282404,88.3782828653253,92.57806484123714
Zach Petzoldt,L5071,M,75.75789716599965,79.47575810937909,82.88480923878747,86.91147999613791,90.62934093951735
Micah Swan,TY96364,M,75.67584113193696,79.64926219362893,83.79946536418015,87.59610431701287,91.56952537870485
Ricky Labistre,A112657,M,75.55552157058031,79.70763768680976,82.72779572614856,88.01186991926866,92.16398603549811
Samuel Lorino,A114066,M,75.43242057955301,79.46804793343432,83.66742838463064,87.53930264119697,91.57492999507828
Tyrel Cooper,A135047,A,75.38628620490856,79.20430993008797,82.22155452478741,86.84035738044685,90.65838110562625
Devin Degray,A133487,A,75.2828745718691,79.48182861488729,82.37000064095001,87.8797367009237,92.0786907439419
Matthew Chuey,A98334,M,75.1157578899924,79.14181651164992,82.75032312368073,87.19393375496499,91.21999237662251
James Cantrell,L4837,M,75.05252609611664,79.12048346988252,83.37914429625005,87.25639821741427,91.32435559118016
Breno Lima,TY101033,M,74.98479699715664,79.276308184872,83.68986280397435,87.85933056030271,92.15084174801807
Jonathan Anderson,A56236,M,74.91778459120164,78.39856689026266,81.62971554813414,85.36013148838467,88.84091378744569
Stephen Van,A84775,M,74.7929412325082,79.17417922336399,83.25094846561724,87.93665520507558,92.31789319593139
Sean Pham,A110068,M,74.7050609226364,78.94756241617972,82.29741099471421,87.43256540326637,91.6750668968097
Tucker Schmidt,A93627,M,74.70466105178491,78.9692964340559,83.67146004374398,87.49856719859783,91.7632025808688
Joshua Dawson,A114861,M,74.56542721715935,78.65062879331546,82.94954653566047,86.82103194562765,90.90623352178375
Corrie Harlow,A135704,M,74.49452316773775,78.37056093567895,81.95087976022376,86.12263647156139,89.99867423950259
Drew Maruski,A134934,M,74.41216256887098,78.68532312436508,82.54579560433174,87.23164423535327,91.50480479084737
Allan Webster,TY96532,M,74.16015805573987,78.41572878108836,81.75173833561635,86.92687023178533,91.18244095713382
Morgan Gunnell,A126740,GM,74.15232447794227,78.7091606364055,81.70725275981728,87.822832953332,92.37966911179522
Todd Sindelar,TY28555,GM,74.02965644066757,78.40293332785076,82.81774462844021,87.14948710221711,91.52276398940027
Brian Levy,TY84373,M,73.95612067791542,78.62322103162673,82.90388083391348,87.9574217390493,92.6245220927606
Tony Mazza,A77602,M,73.7996905870943,78.01827699152555,81.19627172242899,86.45544980038802,90.67403620481926
Ashley Robertson,A79003,GM,73.40471915184513,77.63614994323595,82.09168396851439,86.09901152601758,90.33044231740838
Katon Bingham,A124172,M,73.37504072768839,77.71878867856309,81.7658442124911,86.4062845803125,90.7500325311872
Lafe Kunkel,L5171,M,73.22104157284257,77.45848218040238,81.04393813274203,85.93336339552204,90.17080400308186
Ryan Bays,L5095,M,73.21843700770307,77.27893330713805,81.01793450439186,85.39992590600802,89.46042220544301
Paul Felker,TY107123,M,72.85734926911012,77.2223520853052,81.21162742169491,85.95235771769534,90.31736053389041
Joe Garcia,A86033,M,72.84196794710292,76.99706901565679,80.57916093694618,85.30727115276454,89.46237222131842
Jake Mansfield,A101123,A,72.5177960027456,76.98483760689909,80.43488017645687,85.9189208152061,90.38596241935959
Lee Nuguit,A83270,A,72.44989005856257,76.95567384945768,79.91645203330144,85.96724143124793,90.47302522214305
Jalise Williams,TY84409,A,72.44008005785612,79.47133478351576,83.33852488262856,93.53384423483504,100.56509896049465
Josh Stone,A116865,M,72.43861389536393,76.76154693059635,81.09466564049099,85.40741300106123,89.73034603629367
Andrew Capozzi,TY92671,A,72.38328792593906,76.52067270810834,79.97063865682794,84.79544227244692,88.9328270546162
Jeff Slusser,A76095,M,72.28253726765315,76.80795505414942,81.36041074975479,85.85879062714199,90.38420841363826
Micha McLain,A130958,A,72.20994804533292,76.44021775574143,80.13509632416044,84.90075717655847,89.13102688696699
Joseph White,A97335,A,72.07491335134185,76.43417886407488,80.15960979310896,85.15270988954097,89.511975402274
Ron Francisco,A35324,GM,72.05721674289119,76.30351819352215,80.78858090484322,84.79612109478408,89.04242254541505
Dustin Potter,FY97290,A,71.91948627139855,76.31312688235353,79.6678140812904,85.10040810426347,89.49404871521843
Zuoming Zheng,L5295,M,71.57741818061082,75.90136834174403,79.86404892699017,84.5492686640105,88.87321882514371
Jake Scheuch,A108448,A,71.37531941259937,76.01678677302496,79.65575908548807,85.29972149387615,89.94118885430173
Ian Zacher,TY81825,M,71.27923834883386,75.79112750310146,80.37820169611808,84.8149058116367,89.32679496590434
Rachel Harper,L4667,M,71.16376828487975,75.60975840242638,79.32007318506369,84.50173863751964,88.94772875506625
Chase Rains,A106099,M,71.05045564113348,75.3487976295149,79.27914083274516,83.94548160627774,88.24382359465915
Mark Bradley,TY35490,M,70.86578984067371,75.09532094750978,79.14737770453931,83.55438316118192,87.78391426801797
Matt Hopkins,L4896,GM,70.3531508158918,74.52374655260692,79.11267922128796,82.86493802603714,87.03553376275227
Donovan Stettner,A116463,M,70.07731833405313,74.54617357635573,79.09199528911215,83.4838840609609,87.9527393032635
Daniel Feltyberger,A110177,M,69.81235688587688,74.29723387364592,78.13260790042142,83.26698784918403,87.75186483695308
Alecia Russell,TY104195,M,69.80741002182323,74.10561545886554,78.03957131891373,82.70202633295017,87.00023176999245
Kyle Konopa,A107915,M,69.6566654534584,74.1731698364634,77.74293829015163,83.20617860247344,87.72268298547846
James Yeom,TY71640,M,69.54362033697747,74.004308124537,77.88554884385046,82.92568369965608,87.38637148721563
Luther Hyslop,A130712,M,69.53581533766993,74.23733202820347,78.00302496952986,83.64036540927049,88.34188209980401
Luke Faust,TY112568,A,69.52225321125292,74.30411979071056,77.20695833512366,83.86785294962581,88.64971952908344
Hal Ko,A107805,M,69.4856225792178,73.93640499779809,78.2629120934237,82.83796983495866,87.28875225353895
Casey Reed,L5371,U,69.42516249238477,79.96978128310883,85.76932161800708,101.05901886455699,111.60363765528108
Jonathan Naugle,A134288,A,69.20658649795752,74.2344471797609,77.19562811285613,84.2901685433677,89.31802922517107
Dennis Tran,A138127,A,69.12415494029631,73.94949474894081,77.48562668520212,83.60017436622982,88.42551417487434
Marc Cuslidge,L5369,A,68.948189084402,73.30468620189656,76.6165112980169,82.01768043688563,86.37417755438017
Stephen Corson,TY134065,A,68.8376541150174,73.11431485761564,77.8660772229843,81.6676363428121,85.94429708541034
Jeff Rockwell,A99506,M,68.75209334255057,73.26272198969255,77.11491828291113,82.28397928397652,86.7946079311185
Sam Knapp,A137847,A,68.74277296370067,73.13350003989498,76.8459825285491,81.91495419228364,86.30568126847795
Nestor Laserna,TY42928,A,68.73662285622783,73.03860805728478,76.69265173871972,81.6425784593987,85.94456366045566
Robert Hilfiker,A58687,M,68.41254737985663,72.90301867583386,77.61887733682613,81.88396126778832,86.37443256376555
Russ Pope,A114796,M,68.03969730562717,72.4697698465824,76.19909302084982,81.32991492849287,85.7599874694481
Hunter Eversole,TY134565,A,68.0049988097781,72.90357181719331,75.85123886145968,82.70071783202376,87.59929083943898
Dave del rosario,A127768,M,67.95196295339107,74.58891984301401,78.23924613230663,87.86283362225991,94.49979051188286
David Marton,TY91756,A,67.83292154753127,72.39516993803204,75.67936222205162,81.51966671903358,86.08191510953435
Brad Mckiernan,A59267,M,67.79680551305592,71.72017466291814,75.79974463668457,79.56691296264259,83.49028211250481
Paul Clark jr,L4730,M,67.69472371736511,72.27664716536498,78.1629646209246,81.44049406136466,86.02241750936453
Rory Crawford,A123317,A,67.34497226042414,71.90934463039771,75.43165759828263,81.03808937034482,85.60246174031839
Steve Dittmann,TY80590,M,67.29166085071986,71.88199291633511,76.10072819320004,81.0626570475656,85.65298911318084
Aaron Frost,A100589,A,67.25835055049045,71.7709571801581,75.8379957160335,80.79617043949344,85.30877706916111
Jonathan Gilbert,A101455,M,67.23434373618326,72.04221875732608,76.72503407846814,81.65796879961174,86.46584382075456
Nathan Corr,A110804,B,67.10042378430006,71.82952683747072,75.47162647655419,81.287732943812,86.01683599698266
Ben Berling,A122751,M,66.79924666613945,71.47561074973743,75.7199709066889,80.8283389169334,85.50470300053139
Andy Dang,A139747,B,66.74295174612456,71.81594970066804,75.21884085425312,81.96194560975498,87.03494356429844
Heath Krier,A124027,M,66.54125210839574,71.22405463717892,75.92551392120833,80.58965969474528,85.27246222352846
Samir Patel,B97,GM,66.39192514122402,71.23973292313823,75.58200977726194,80.93534848696667,85.78315626888087
Dyami Isely,A117077,B,66.23908344765688,71.25142713662378,74.2767869568464,81.27611451455756,86.28845820352446
Skyler Davis,A146835,B,66.08729077589226,71.07325790209997,74.76365184147264,81.04519215451536,86.03115928072306
Trent Miller,TY125375,A,66.02343942230742,70.8328927075728,74.54348634751334,80.45179927810359,85.261252563369
Cody George,A127310,A,65.9879786811134,70.45699363785994,75.11900506449993,79.39502355135299,83.86403850809953
John Morgan,A57282,M,65.83774319131173,70.39310347734397,74.86102376873023,79.50382404940842,84.05918433544065
Jon Khouri,A83629,A,65.8163681242522,70.66987294243067,74.39396013300433,80.37688257878763,85.23038739696611
Jon-Luc Ruben,TY80501,A,65.22200364333293,70.17984970772302,74.63996395753747,80.09554183650323,85.05338790089333
Joe Adams,A128439,M,64.69941791429068,69.71430456054203,72.47249221598027,79.74407785304473,84.75896449929607
Van Lam,TY131349,B,64.4544579253493,69.01765929496283,72.99506370425364,78.14406203418986,82.70726340380338
Thomas Howard,L3232,M,64.02101009641403,69.25842326131728,75.73342600190341,79.73324959112374,84.97066275602695
Denny Carter,A60752,M,64.0108107305178,69.19528735027119,73.84349756621066,79.56424058977791,84.74871720953128
Stephen Tomilson,TY123292,A,63.99397878317896,68.77315679177683,72.70086412223732,78.33151280897256,83.11069081757041
Gary Spikowski,A108215,B,63.866480827413085,68.89738983143208,72.67763223988777,78.95920783947004,83.99011684348902
Sheila Brey,TY5892,A,63.56773702424668,68.02512737328084,71.99699324055182,76.9399080713491,81.39729842038324
John Lohlun,A101785,M,63.50077034092575,68.05968401065974,72.33392326969762,77.17751135012772,81.73642501986171
Tom Carlson,TY75573,M,63.44493707819156,68.60231801849766,73.10670335177689,78.91707989910988,84.07446083941599
Chris Jacobs,A140200,A,63.44401546670587,68.20098444412288,72.48683979146186,77.71492239895692,82.47189137637393
Derek Chen,L5558,A,63.3288226062003,68.30026208725425,73.25844347493515,78.24314104936217,83.2145805304161
Zachariah Watson,TY109052,B,63.30999233480688,67.80408785569152,71.83490582502195,76.79227889746083,81.28637441834547
Jake Martens,A52987,M,63.27951204554005,67.76452010643537,72.34616780237701,76.73453622822599,81.21954428912129
TreVon Barber,A102687,M,63.26651972004084,68.31618845306724,73.94492346303763,78.41552591912004,83.46519465214645
Loren Farinelli,A130292,A,63.22310686358862,67.99436641669539,71.93390510344547,77.53688552290892,82.30814507601568
Joseph Margherone,L4606,M,63.1860331911547,68.00654696066144,72.91848251109576,77.64757449967496,82.4680882691817
Kyle Stephens,L4687,M,63.03116850616443,67.68488988081765,72.45952392169809,76.9923326301241,81.64605400477733
Charles Kil,TY136463,A,62.873581879277765,67.69255936776406,71.9585315057157,77.33051434473668,82.14949183322301
Diego Reyna,A129799,B,62.77486868109108,67.94592928357814,72.64901047038094,78.28805048855227,83.45911109103935
Roy Stedman,L3082,M,62.692353880243914,67.41291454137271,72.82130212229568,76.8540358636303,81.57459652475909
Ben Hardt,L4900,M,62.68054019232962,68.04133113992114,74.16734411160208,78.76291303510419,84.1237039826957
John Bodzioch,FY137097,B,62.63532812849948,67.67429898859736,72.91893919253575,77.75224070879311,82.79121156889097
Ryan Zambrzycki,TY85173,M,62.599352783220944,67.68849559108175,72.62141852462214,77.86678120680337,82.95592401466418
Alex Goben,A86498,A,62.58706287427872,67.23989141159693,71.4981372518956,76.54554848623337,81.19837702355159
Buck Lawler,A142547,U,62.52055523970701,69.55081107522612,73.41745178476164,83.61132274626438,90.64157858178349
Michael Beavers,A118318,A,62.41921663040764,66.98788763326444,70.69258842300444,76.12522963897803,80.69390064183483
Tomasz Sanczenko,TY120855,B,62.41885692382163,67.38616241273652,71.70563603064039,77.32077339056629,82.28807887948118
Joe Pisano,TY88100,A,62.16809474420359,67.29624511782532,71.22620820698704,77.5525458650688,82.68069623869052
Kaylee Lane,A110342,A,62.14918600221455,66.29794178544385,70.34694808597793,74.59545335190248,78.74420913513175
Quinn Cunningham,TY78062,M,61.7367359315064,66.5031611873834,72.13427618207471,76.03601169913739,80.80243695501439
David Phillips,FY95285,M,61.67774011716798,66.72709505074673,71.9746352110859,76.82580491790421,81.87515985148295
Ashlyn Champagne,A131562,B,61.60950089496142,66.23392862460321,70.4217619911117,75.4827840838868,80.10721181352861
Jacob Prevost,A142467,M,61.579917901112346,66.6787917580194,71.10181056934303,76.87653947183357,81.97541332874063
Mikayla Hill,L4823,A,61.422117365618675,66.15972725151381,70.09121027990312,75.63494702330405,80.37255690919918
Logan Saunders,A104834,A,61.32804793056022,66.13287341593244,71.37178366569653,75.74252438667689,80.54734987204911
Leighton Oosthuisen,B77,M,61.197157366161626,66.13384977872232,71.55040371207382,76.00723460384371,80.9439270164044
Eric Wong,L4464,B,61.1610213390678,66.2749261739841,71.052966195171,76.5027358438167,81.61664067873298
Brian Payne,A14123,A,61.016290549707485,65.78333623437898,70.18034932582111,75.31742760372198,80.08447328839347
Al Realuyo,A47067,B,60.788673872416254,65.54730735623338,68.62671834446657,75.06457432386762,79.82320780768474
Zac Camacho,A144660,A,60.696926583481,66.04385693277116,70.41893474267043,76.73771763135152,82.08464798064166
Jake Smagacz,A139307,M,60.66549005979236,65.93996630921268,70.21758187423173,76.48891880805333,81.76339505747366
Fabio Spinella,FY125617,M,60.657464644672096,65.62314012656594,70.8990300604309,75.55449109035362,80.52016657224746
Daniel Callahan,A115686,B,60.63534529378847,65.34927997847869,69.837197890214,74.77714934785912,79.49108403254935
Lynda Turnbull,TY78467,U,60.10527504063781,65.05835658975457,67.86844112795917,74.9645196879881,79.91760123710488
Jessica Mauro,L5310,B,60.08494395127166,65.01148529270525,68.78996066269907,74.8645679755724,79.79110931700598
Benjamin Hoffman,TY52377,M,60.025397858017946,65.01063308713614,69.52199313614013,74.98110354537253,79.96633877449074
Adam Garrett,L4562,M,59.87397888763431,64.99021405803637,70.67922364674753,75.22268439884053,80.33891956924259
Bernard Beneteau,A127797,M,59.7854316178632,64.86401480026373,70.36093463394161,75.02118116506476,80.09976434746527
Charlene Martin,A111439,A,59.705705443598,64.48022963651002,68.92048126895546,74.02927802233407,78.8038022152461
Nathan Lingsch,A122755,A,59.488724379277,64.06271060967339,67.82078201201483,73.21068307046616,77.78466930086255
Jim Havens,A114636,GM,59.452665959532716,64.54705593238842,69.83432970616913,74.73583587809982,79.83022585095551
Matthew Decker,TY72326,M,59.40676339328563,64.33076703289562,70.66177180952523,74.17877431211556,79.10277795172557
Mike Howell,B75,A,59.33026495636695,64.54730392287152,69.0692628429684,74.98138185588068,80.19842082238526
Matthew Hogue,A120532,B,59.31080585633541,64.80354531557735,68.4961977817811,75.7890242340612,81.28176369330313
Justin Bui,A132969,B,59.27175890796709,64.17694224618597,68.19219813961752,73.98730892262377,78.89249226084264
Kyle Weir,A109718,B,58.99798850913329,63.827653489895056,67.35349058588166,73.48698345141855,78.3166484321803
Corey Messersmith,A137426,B,58.997922098599645,64.84173571273013,69.64813601539792,76.52936294099106,82.37317655512153
Isaac Hansen,TY125781,U,58.96164626259315,65.23701613074365,68.68846955822644,77.78775586704468,84.0631257351952
Andy Chen,A86721,M,58.53150764316752,63.85393090295077,70.28366603467924,74.49877742251726,79.8212006823005
Jim Speedy,A113268,M,58.51292483761489,63.49649805606683,68.4304204752981,73.46364449297069,78.4472177114226
Rick Torres,TY82344,U,58.48658297938323,63.70066682118847,67.8097894681292,74.12883450479895,79.3429183466042
Matt Mikulin,A129203,B,58.481113402191,63.113632269956895,66.34390724432211,72.37867000548871,77.01118887325464
Janelle Schroeder,L5499,A,58.45379556568169,62.97185344048486,67.10192916407269,72.0079691900912,76.52602706489438
John Fowler,A136567,M,58.32435237145954,63.047024847754166,68.1120820272668,72.49236980034343,77.21504227663804
Jerry Nguyen,TY35970,GM,58.27559811093885,63.394011699053074,67.70040821605741,73.6308388752815,78.74925246339572
Sal Amato,TY121446,B,58.23426591196459,63.13628218636372,67.63507083212785,72.940314735162,77.84233100956114
Leland Roenigk,TY96604,A,58.13222963257737,63.12694898440221,68.38900238093069,73.11638768805192,78.11110703987676
Chuck Kuang,A124088,M,57.90387007872957,63.206034626512775,68.32454727024103,73.81036372207919,79.11252826986241
Ryan Credle,A125823,B,57.83332221794465,63.12923611455206,67.77622631951999,73.72106390776686,79.01697780437426
Colby Bedell,A121404,B,57.82915517874875,63.26356078106402,67.99429734029252,74.13237198569455,79.56677758800981
Jason Wells,L5218,A,57.72544809739244,62.77745027826606,67.5448642883631,72.88145464001327,77.93345682088689
Marc Schulte,A143321,A,57.65403503570572,63.170693491326645,67.433335963172,74.20401040256847,79.72066885818938
Pedro Quinones,TY75726,A,57.57186508987752,62.917156871444256,67.93728322436954,73.6077404345777,78.95303221614444
Will Salo,A118306,B,57.55987401588888,62.96974025135375,67.59670761487962,73.7894727222835,79.19933895774838
Bo Zhang,L5522,A,57.418640221592746,62.21622310229594,66.7249748638223,71.81138886370235,76.60897174440555
Andrey Dubrovsky,A124185,A,56.98956616601845,62.1638943804248,65.96158009075317,72.51255080923748,77.68687902364385
Josh Eldridge,A125918,A,56.87537151554443,61.815102814460175,66.36991599454447,71.6945654122917,76.63429671120744
Alex Trevino,TY112144,A,56.86722123283406,61.9380182813311,66.79671285964764,72.07961237832518,77.15040942682221
Bo Tian,TY91801,B,56.761113250277575,61.5526011592598,66.26856442912029,71.1355769772243,75.92706488620654
Conor Davis,TY135535,A,56.63786383873044,62.09264625654745,67.12586431791871,73.00221109218143,78.45699350999841
Frank Zheng,L5274,B,56.255113164545534,61.42307040588787,65.50782723118816,71.75898488857253,76.92694212991486
Kasey Jarrell,A140592,A,56.21141105991605,61.27673650283434,64.6761078592766,71.40738738867091,76.47271283158922
Samuel Caldwell,A128173,B,56.071012812696274,61.11989611019557,64.56524990665959,71.21766270519419,76.26654600269349
Dennis Boyle,TY31868,A,55.9343296575795,60.536706395374054,65.07241304991473,69.74145987096317,74.34383660875771
Kevin Calichio,A96732,B,55.927907966892555,60.5927384637886,65.1963680005866,69.92239945758068,74.58722995447673
Brandon Query,A142775,B,55.85155711865464,61.3297751952373,65.54452270263585,72.2862113484026,77.76442942498527
Frank Rizzi,A106529,B,55.69817873641474,60.83262955624975,64.69490994209477,71.10153119591978,76.23598201575479
Tom Bazor,L4665,A,55.182337779597,60.512719695972464,64.64712320793645,71.17348352872335,76.50386544509882
Serge Davis,TY78052,A,55.10150750575653,59.94545557648141,64.60466500698197,69.63335171793116,74.47729978865605
Marco Davis,L4332,A,55.09923692597853,59.953609404564034,65.06550799468971,69.66235436173504,74.51672684032056
Adam (A J) Jezewski,TY81791,B,55.06919701354296,60.03692213121082,64.30508448716176,69.97237236654657,74.94009748421442
Matt Olsofsky,A133832,A,55.06168413661827,59.93624673996922,65.47704621125219,69.68537194667113,74.55993455002208
Kevin Muran,L5275,B,54.99516082648466,60.1724284881947,64.97164234212809,70.52696381161479,75.70423147332482
Nathan Quinn,A123813,A,54.97509560621956,59.98983465966492,65.1350816582669,70.01931276655566,75.03405182000103
Michael Billard,TY143301,B,54.84306380324616,59.98868512649005,64.25096131630438,70.27992777297783,75.42554909622172
Justin moravec,A131825,A,54.70344507812717,59.99017461587021,64.39686327691716,70.56363369135627,75.8503632290993
Warren Harper,L4628,M,54.57928367935918,58.5961155214344,63.05963629758114,66.62977920558485,70.64661104766007
Daniel Ditullio,TY59101,B,54.36435748985113,59.35466369709302,63.59886853308129,69.33527611157677,74.32558231881865
James Heitz,TY75282,B,54.34165409825273,59.46168867270419,63.89140550894066,69.70175782160712,74.82179239605857
Chris Park,TY135380,B,54.321724988291194,59.95403024688017,63.596859300150946,71.21864076405812,76.85094602264712
Mango Mike Palicte,TY133491,A,54.32039982268202,59.18560195184719,63.264677254505784,68.91600621017756,73.78120833934273
Brendan Souder,TY118547,M,54.30616628028401,59.33579997324829,65.27695302418292,69.39506735917683,74.4247010521411
Leon Piasecki,A112393,A,54.13545520840175,59.08954512450539,63.501370095220786,68.9977249567127,73.95181487281636
Larry Damore,TY102728,B,54.0658963842914,58.875359634808035,63.218920843453155,68.49428613584129,73.30374938635794
Christopher St. Clair,L5525,A,53.591770353179705,58.301584112545115,63.287230319058374,67.72121163127595,72.43102539064135
Bobby McGee,FY44034,M,53.485237523274655,58.57264113712252,65.01808765975181,68.74744836481825,73.83485197866611
Andy Figiel,A142836,U,53.42505798521977,58.38478386680005,61.80388125768614,68.30423562996059,73.26396151154086
Devin Mcmanus,L5032,B,53.42283063327816,58.38051851700649,62.8126217688886,68.29589428446317,73.25358216819151
A.J. Quinn,A89445,A,53.21215954628442,58.45967624961674,63.88979713513307,68.95470965628138,74.2022263596137
Yang Wu,A126613,A,53.16290609276819,58.5541310554447,63.26602626550647,69.33658098079773,74.72780594347425
Brad Krumme,L5258,A,53.158944282408136,58.05998940016106,63.50242351903732,67.86207963566693,72.76312475341986
Billy Herrington,B88,A,52.96810508817755,58.576539888345025,62.11409388255954,69.79340948867994,75.40184428884741
Kathia Rivera,TY84044,B,52.88721178868434,57.72860469207502,62.13330740985338,67.41139049885638,72.25278340224706
Neil Davis,L4304,A,52.74836191452046,58.04245859598478,64.02885479336446,68.63065195891345,73.92474864037777
Brennan Brennecke,A122815,A,52.73894612597281,58.24006266356883,63.800158976006536,69.24229573876083,74.74341227635684
Ryan Lin,L4248,B,52.38539496994284,57.37472869536169,61.948785238559026,67.35339614619942,72.34272987161829
Bryan Chau,A139364,C,52.29932122610508,57.38941703777791,60.723341031026855,67.56960866112355,72.65970447279638
Brady Schroeder,A143075,A,52.2315707077875,59.779858721415465,63.93141712891084,74.87643474867139,82.42472276229934
William Crowe,TY121564,B,52.13370388767272,57.11437436671372,61.7123598785315,67.07571532479571,72.05638580383672
David Blair,TY79620,B,51.604549656108524,56.31254634578311,61.450445800145594,65.72853972513228,70.43653641480687
Kris YH Chen,F142470,B,51.505513501936285,56.45727754301514,61.29826768327704,66.36080562517283,71.3125696662517
Thy ("tee") Ngo,A129293,B,51.37922873969081,56.627601002755824,61.23822074547943,67.12434552888587,72.37271779195089
Nick Amescua,L5596,B,51.12008423467742,55.69448581603754,60.092375785585816,64.8432889787578,69.41769056011789
Rick Powers,L5225,A,51.07271256430921,55.860787100498,61.117634306663895,65.43693617287558,70.22501070906438
Candice Juliano,TY86759,M,50.82777517823664,55.672544770533136,60.2853710020825,65.36208395512611,70.2068535474226
Sifei Han,TY109049,C,50.794432261660596,55.868485929154986,59.89518950234687,66.0165932641438,71.0906469316382
Jacob Willman,A129365,A,50.711030029889635,55.78968601179033,61.67074000226103,65.9469979755917,71.02565395749238
Michael Rounds,A77140,A,50.619856216894775,55.16589791687188,58.968408405099005,64.25798131682606,68.80402301680316
Darren Byers,A146534,A,50.61841900952517,56.23030791340615,62.55488810259639,67.45408572116808,73.06597462504907
Kyle Adams,A139678,B,50.48442714973711,55.34227916582094,59.30873269561059,65.0579831979886,69.91583521407243
Ben Isaacs,A137838,A,50.474182098813124,55.60203728236478,60.72211852732603,65.85774764946808,70.98560283301974
Xuzi Zhou,L5277,B,50.449140069948406,55.323173656567526,59.814588811748415,65.07124082980576,69.94527441642488
Fred Cresanto,A134929,C,50.395634299892464,55.33080180577945,59.59183570226667,65.20113681755343,70.1363043234404
Joe Warmus,TY123762,C,50.38536262992699,55.50182651447606,59.823077885263444,65.73475428357423,70.8512181681233
Tony Luong,TY93243,A,50.296978708786675,55.07893984729285,59.095801736106004,64.64286212430521,69.42482326281139
Stephen Maduell,A104612,B,50.273306465528144,55.424385671846444,61.612019014149546,65.726544084483,70.87762329080127
George Dysico,TY88494,A,50.157366708595376,54.95325501536923,60.177176941669366,64.54503162891695,69.34091993569079
Jason Bediones,TY74770,B,50.04613715341254,54.87535202652645,60.04519164862052,64.53378177275427,69.36299664586818
Larry Kouns,A134742,M,50.00924188544562,55.10902964709739,60.38483049347221,65.30860517040091,70.40839293205269
Tae hoon (kyle) Kim,L4964,B,49.64813609942783,54.683913365663784,60.290249840336685,64.7554678981357,69.79124516437165
Becky Yackley,L4974,U,49.341168059469105,54.148536729627295,58.472721033936146,63.76327406994369,68.57064274010189
Dan Bernard,TY60299,B,49.21149636823526,53.97050938535164,57.78718908956023,63.488535419584395,68.24754843670077
Michael Chen,TY82583,B,49.1671747485477,54.01831899997559,59.25989716194782,63.72060750283136,68.57175175425925
Michael Bailey,TY84018,B,49.001688826000574,53.998234042611934,57.96909159450079,63.99132447583467,68.98786969244604
Frank Paxhia,L4986,B,48.788416968922185,53.5104990046908,58.06010659912167,62.954663076228066,67.67674511199668
Randy Anderson,A102341,B,48.71990065518791,53.72191240122957,58.53680373850838,63.725935893312865,68.72794763935453
Michael Sclafani,A87771,B,48.63898180245585,53.87233101539278,58.39027019089873,64.33902944126666,69.57237865420358
Jay Khan,TY132853,C,48.507565341666,52.96768037572799,56.704686695077775,61.88791044385194,66.34802547791392
Benjamin Ng,A105700,B,48.21879824734576,52.92907745808082,57.30151221646158,62.34963587955096,67.05991509028601
Carl Olson,TY116605,A,48.055052899892445,52.76315187264004,57.26295690107048,62.1793498181352,66.88744879088279
Arist Ramirez,L5138,C,47.975775531084345,52.243299258894936,55.99535540684173,60.77834671451612,65.04587044232673
Thomas Smith,TY93834,B,47.739233157821104,52.273710818317,57.37276132581339,61.34266613930881,65.87714379980471
Louis Gilman,TY106180,A,47.67786776734296,52.239112913254985,56.794781166780716,61.36160320507904,65.92284835099106
Zack Sims,A74905,B,47.612991246445695,52.34290291015087,57.43309050296158,61.80272623756123,66.53263790126641
Jeff Morse,TY91700,B,47.4830229974738,52.4430109689119,57.646755086822544,62.36298691178808,67.32297488322618
John Vilaikeo,TY130534,B,47.46738470258444,52.99635470068886,56.5395414039356,64.0542946968977,69.58326469500213
Daniel Hart,TY64065,U,47.43370547367461,50.65193931337251,53.82538443515323,57.08840699276831,60.306640832466215
James Lutter,A100974,B,47.24141682752507,51.6755044422899,56.54704450912318,60.54367967181955,64.97776728658437
Mike Browning,FYF66194,U,47.17547576177454,51.516376093636374,55.72319652793766,60.198176757360024,64.53907708922186
Michael Mahoney,TYF87401,B,46.86143850312637,51.667315631296795,56.03734817562097,61.27906988763765,66.08494701580808
Steve Hartung,TY94841,A,46.832709144480724,51.73639871260818,57.958142723664196,61.54377784886309,66.44746741699055
Nick Evans,A137792,B,46.7863543523191,51.453977203471894,56.438140319208465,60.78922290577743,65.4568457569302
Mingyuan Yang,A143619,B,46.576709764372524,51.900329491292275,57.670694060307135,62.54756894513179,67.87118867205155
Joseph Sancio,A105276,B,46.367310204819546,50.76091059789326,54.45622863696822,59.54811138404068,63.941711777114406
Mark Evans,L3957,B,46.315222108680054,51.46164610064372,57.01213107346068,61.75449408457102,66.9009180765347
Russell Fortney,B89,U,46.26312728877042,50.701031352269865,55.13142873213811,59.57683947926874,64.01474354276819
Fred West,A127801,B,46.15396718999128,50.830911255557545,54.69768857139658,60.18479938669006,64.86174345225632
Gianna Nuguit,A89116,B,45.91126078815828,49.95620851704041,53.80610998878312,58.04610397480467,62.091051703686794
Ethan Foshee,A116198,B,45.87022481050187,50.16568738260847,54.79779424201546,58.7566125268217,63.052075098928306
Scott Hauswirth,A128215,B,45.721487619917326,50.13878018609233,55.33074624366803,58.97336531844236,63.390657884617376
Eric Evans,TY66458,B,45.617747784535844,49.70838223566017,53.648471498428016,57.88965113790881,61.98028558903312
Enisa Cuslidge,L5370,C,45.28922518149906,49.83943004788565,53.398148505095655,58.93983978065883,63.490044647045416
George Jones,L2421,B,45.12854878732927,49.300702519451136,53.593551340134724,57.64500998369487,61.81716371581673
Blair Eddins,A108071,B,45.08123727424712,49.996967135948935,55.69626580471143,59.82842685935259,64.7441567210544
Jay Zuercher,A140005,B,44.97548330391271,50.26701251140604,54.80218209097072,60.850070926392696,66.14160013388603
Larry Fletcher,A11823,A,44.79132581351659,49.107167055502934,53.90357502198593,57.7388495394756,62.05469078146194
Joseph Flanagan,FY91061,M,44.579064130577365,48.80783528096383,53.51218138063217,57.26537758173678,61.49414873212324
Kenneth Tidwell,A138945,M,44.31720983901586,49.17165015704536,53.843705796540576,58.8805307931044,63.73497111113392
Mian Liu,TY113469,C,44.245996049813776,48.69565317961257,52.76489911632785,57.59496743921015,62.044624569008946
Jake Sonshein,A115145,B,44.144026616223,48.297880929482574,52.738302580549856,56.60558955600171,60.759443869261275
Kevin Mcdonald,L5560,B,44.086115229421345,48.364853131697494,51.96165703688196,56.92232893624978,61.20106683852593
Martin Lagunsad,A135260,B,44.06988854648562,49.20310037685265,54.14253719200317,59.469524037586716,64.60273586795375
Martin Reyna,TY130888,C,44.03045894921629,48.28297536256737,51.10672926192099,56.788008189269526,61.04052460262059
Todd Holmes,A115214,B,43.98471425056104,48.86274234399538,52.94781659262371,58.61879853086408,63.49682662429842
Brandon Hegreness,A123752,A,43.97574024756403,48.7766847853231,53.56305065684379,58.37857386084124,63.17951839860031
Michael Wiley,L4066,C,43.96974719435971,48.70021789102803,53.51534490877447,58.16115928436466,62.891629981032985
Shilo Crane,TY130046,B,43.945974006460446,48.16107917265365,52.36382194590706,56.591289505040066,60.806394671233264
Krystal Dunn,TY83098,C,43.91863595406822,48.06066851715383,52.083220623108694,56.34473364332504,60.486766206410636
Daniel Baker,A105577,C,43.80920808890745,48.54192242579114,52.07317175616184,58.00735109955851,62.74006543644221
Blaine Smith,TY120130,B,43.754623847668924,48.3381814909811,52.23190594728604,57.50529677760545,62.08885442091763
Kenzie Fitzpatrick,A105556,B,43.68659071918757,48.478732250780396,52.85567902423094,58.06301531396605,62.85515684555888
Nicole Kolba,A146273,C,43.123539322139735,47.37155185169641,51.74515097413928,55.86757691080976,60.115589440366435
Jeff Curts ,TY31907,U,42.95860559932685,48.328431664199414,53.878246969795065,59.06808379394454,64.4379098588171
Mark Zilinskas,A120431,B,42.732400909250686,47.04444851022457,51.67422560888911,55.66854371217234,59.98059131314621
Sherley vasquez,A106207,C,42.695310398450445,45.9215326133548,48.99714823898446,52.3739770431635,55.60019925806785
Carl Provan,FY41404,B,42.554454296693734,47.174217734712464,53.05323358083247,56.41374461074993,61.03350804876866
Mayli Perkins,TY98459,C,42.41743004406492,45.91979313823615,49.61858864381785,52.92451932657863,56.42688242074987
Jared Maples,L5304,C,42.08068976959933,46.50220969422791,51.39353096965693,55.34524954348505,59.76676946811364
John Romanowski,A71069,C,41.86245336599967,46.17880257147504,50.22261679157343,54.811500982425784,59.12785018790117
Maggie reese Voigt,FY60197,C,41.74435351567878,46.54884457094101,51.95329463003727,56.15782668146547,60.96231773672769
Lise Mahoney,TYF88338,C,41.686548463148284,44.78379281270609,48.09337313284093,50.97828151182169,54.07552586137948
Lee Sutton,FY70323,A,41.55337489558298,46.06907382062773,50.989194187310396,55.10047167071722,59.616170595761965
Andrew Guizar,A139575,C,41.46269887342652,45.6319090223414,49.94407512738748,53.970329320171174,58.13953946908605
Gauge Clark,L4892,C,41.45018384236994,46.23695469429284,50.83609086335843,55.81049639813864,60.597267250061535
Fred LaFemina,A105434,B,41.448009533618,45.824559465050406,49.49693971782752,54.57765932791525,58.95420925934766
Gabby Franco,A69761,B,41.28445652281136,45.752335266567066,51.637334067988824,54.6880927540785,59.1559714978342
Brad Weilbrenner,A94848,C,41.13070336650135,45.41712692489208,49.85388144475568,53.98997404167354,58.276397600064264
Dan O'Carroll,A72750,C,40.66225827308113,44.937847199135405,49.983461716088776,53.48902505124396,57.76461397729824
ray donch,TY84357,B,40.524043015313936,44.83063157941471,48.973718908096366,53.44380870761623,57.75039727171699
Samantha Crowe,TY121737,C,40.318110250185086,44.56683286869744,49.653342175835874,53.06427810572216,57.31300072423452
Vince Lucchetti,L3174,B,40.2786309359187,44.11877075281627,47.95979568416279,51.79905038661141,55.63919020350898
Lisa Amato,A122753,C,40.25643347936079,44.64083485578023,48.091314666281036,53.40963760861911,57.794038985038554
David Boone,A113740,B,40.23032860675374,44.70546603519372,49.96234482539036,53.6557408920737,58.13087832051368
Bill Sharar,A107428,B,40.22492703411301,44.32868415971931,48.37582153017616,52.53619841093189,56.63995553653819
John Matthews,L1934,C,40.19615671346179,44.2564532662896,48.20608463527955,52.3770463719452,56.437342924773006
Melissa S,A144572,C,39.79905002969117,44.332461756851984,49.13404921854446,53.3992852111736,57.9326969383344
Terry Kohlenberg,A135313,C,39.37558227566613,43.7355050107507,48.57622705877437,52.455350480919826,56.81527321600439
thomas krebsbach,L4043,B,39.27123976732755,43.31486762468767,48.29930072120961,51.4021233394079,55.44575119676802
Camille Brown,A114338,B,39.03360232033224,42.40673768113701,45.457641848602606,49.153008402746536,52.52614376355129
Peter Mills,TY86723,C,39.022327657947535,42.36030853408942,46.26108617458083,49.03627028637318,52.37425116251507
Alfred Evans,A132752,C,38.95432758939965,42.790376952504495,46.08376054653551,50.4624756787142,54.29852504181905
Greg Leitch,A105181,C,38.02921383566591,41.67163856530885,46.155763791456444,48.95648802459472,52.59891275423766
Han Yu,A135302,D,37.948894351110255,41.44028266104884,45.50078135008327,48.423059280926026,51.91444759086461
Gary Hess,TY87908,C,37.82494901009411,40.07115270591671,42.51182457466401,44.56356009756192,46.809763793384526
Troy Mcmanus,L2345,B,37.79026737657295,40.476760553962436,43.41301445624703,45.84974690874138,48.53624008613085
Paola shea Bieber,A145555,C,37.66741052123995,41.648239834003945,46.55980016570878,49.609898459531934,53.59072777229592
Rick Steele,L2137,C,37.387365250993234,39.688018619478335,42.37834849662565,44.289325356448536,46.58997872493364
Steven Wright,TY98312,C,36.820805255128086,40.70528304337234,45.6447228204175,48.47423861986084,52.358716408105096
Isaac Griffin,A137728,C,36.798948850283914,40.80194015855915,46.23737759739641,48.80792277510961,52.810914083384844
Lucky Gray,TY101839,B,36.79875365919195,41.07432779893067,46.4268593194536,49.625476078408106,53.90105021814682
Bud Connolly,L2450,C,36.755347315367246,40.18785241780718,43.90719500017312,47.05286262268702,50.48536772512695
Clay Gravil,A125021,C,36.548934459925654,39.19835788771977,41.6219328562421,44.49720474330804,47.146628171102165
Ron Rodgers,TY40651,B,36.473384010506166,40.49509333684311,44.978696108546856,48.53851198951702,52.56022131585396
Rayna Wright,A138133,C,36.39524058243219,40.09738478710323,45.30150244733529,47.50167319644532,51.203817401116346
Graham West,A113543,C,36.36498458624793,39.09379109075806,41.75755154471559,44.55140409977831,47.280210604288435
Matthew Healey,A117498,B,36.36107538286545,39.85362496297486,43.76323223030765,46.838724123193686,50.331273703303104
Eng Lim,FY121894,C,36.29747338270717,39.48138536367157,42.77882346781339,45.8492093256004,49.03312130656481
Rafael Icaza,TY121943,C,36.04489240616901,39.89924390879192,44.79494703468248,47.60794691403771,51.462298416660616
Ed Bonawitz,A126609,C,35.84054694393161,39.84300300147531,45.44071843982989,47.8479151165627,51.8503711741064
Ray Hirst,L485,B,35.62476838570392,39.28640783120388,43.71875320896631,46.60968672220378,50.271326167703734
Mirto Pedra,TY44018,C,35.55447341540025,39.162659381513286,44.384043949075355,46.37903131373936,49.987217279852395
Michael Cole,TY108549,A,35.069281990202,39.43073555415009,45.75484322187483,48.153642682046275,52.51509624599437
Don Watts,TY86694,C,35.06848055668876,37.48000852734714,39.75488929571638,42.30306446866391,44.714592439322296
J.B. Creech,L4184,C,35.02290807681928,38.38799248958505,41.71781240202168,45.118161315116616,48.4832457278824
Grant Laird,FY107557,D,34.97451111467197,37.79539148212878,41.383266787083826,43.437152217042375,46.25803258449919
Dexter Lopez,L4854,B,34.92276066692339,38.33485752658524,41.64011020119045,45.159051245908934,48.571148105570785
Jodi Humann,B85,C,34.75831899603259,36.828540887764206,39.17384001814296,40.96898467122742,43.03920656295902
Yaritsa “PewPew” Santiago,A127575,C,34.53959005384155,38.57803464754579,43.53977838532231,46.65492383495427,50.693368428658516
JOhn Serafin,TY46375,C,34.44362407396368,38.00314867590104,42.711267374632776,45.12219787977575,48.681722481713095
Kam Ho,A137227,C,34.040567199356445,36.911344820754536,40.28469141063463,42.65290006355069,45.52367768494877
Danny Zlotnik,L4786,D,33.78846365665193,36.19107384271282,39.424572806751875,40.99629421483459,43.39890440089549
Ray Pennington,A107654,B,33.783316408403365,37.38941326678909,41.59771198582822,44.60160698356054,48.20770384194627
Stephanie Cingle,TY114376,B,33.465997937379704,38.63817390384703,46.137829055224664,48.9825258367817,54.154701803249026
John Catterall,B73,C,32.41988563929404,36.29182649834335,41.87156122710761,44.03570821644198,47.90764907549129
Tom Tworzyanski,F99910,U,32.26803979209664,35.19892180085063,38.839878620494986,41.06068581835861,43.99156782711259
Pamela Harper,L4637,C,32.150770238875815,34.38462129272832,37.310704972359524,38.85232340043333,41.08617445428584
Ralph Hager,A119136,C,32.094340097431726,33.812288314530946,35.76303325878606,37.24818474872939,38.96613296582862
Lee Cabana,B70,C,32.023375874469416,33.82227474269315,35.76844286435383,37.42007247914062,39.21897134736436
Tyler Bohner,TY140548,A,31.94885310089758,39.738726928237526,51.03404397788045,55.31847458291743,63.10834841025738
Gary McConnell,L5210,C,31.824461373785084,35.16920962836198,40.01909459749848,41.858706137515775,45.20345439209267
Patrick Forsythe,TY128898,U,31.355812755563083,35.2709835496531,40.94798120108363,43.101325137833136,47.01649593192315
Margaret Bell,A124403,C,30.79796070858107,33.884062733098425,38.13898272192438,40.056266782133136,43.142368806650495
William Hellyer,L5149,D,30.61235321908527,33.20641349714139,35.98701619348322,38.39453405325363,40.98859433130975
Bill Hayden,A73797,C,30.609762103474818,32.83012053712861,35.669854704198755,37.27083740443619,39.491195838089986
Jennifer Baynes,TY139540,C,29.75412002843465,34.87344538787066,42.29646715905287,45.112096106742676,50.231421466178695
James Fort,TY3520,D,29.36723277150473,32.44679194895155,36.91215275624943,38.60591030384518,41.685469481291996
Daniel Wiswell,L4404,C,28.93733707554717,33.61363420479315,40.39426504219982,42.96622846328512,47.64252559253109
Bob Adams,A146984,U,28.56942764569359,32.33217438761151,37.788157163392476,39.85766787144733,43.62041461336524
